﻿Designator,Footprint,Quantity,Value,LCSC Part #
C1,CP_Elec_10x10.5,1,680µF,C2980172
C2,CP_Elec_6.3x5.4,1,220µF,C32514
D1,D_DO-201AD_P12.70mm_Horizontal,1,1N5821,C508482
J1,TerminalBlock_bornier-3_P5.08mm,1,Debitmètre Gauche,C480520
J2,TerminalBlock_bornier-3_P5.08mm,1,Débitmètre Droit,C480520
J3,PinSocket_1x05_P2.54mm_Vertical,1,GPS,C50950
J4,PinSocket_1x15_P2.54mm_Vertical,1,Conn_G,C2932676
J5,PinHeader_1x03_P2.54mm_Vertical,1,Capteur de pression,C49257
J6,TerminalBlock_bornier-2_P5.08mm,1,12V,C480516
J7,PinSocket_1x15_P2.54mm_Vertical,1,Conn_D,C2932676
L1,L_Changjiang_FXL0650,1,33µH,C475526
"R1, R2",0603,2,10k,C25804
U2,TO-263-5_TabPin3,1,LM2596S-5,C347421
"U3, U4",OPTO-SMD4,2,PC817,C3025164
